ID,Region,Name,Category,Url
0,Auvergne-Rhône-Alpes,Centrale Lyon,public,https://www.ec-lyon.fr
1,Auvergne-Rhône-Alpes,Builders Ecole d'ingénieurs - site de Lyon (exESITC Lyon),private,http://www.builders-ingenieurs.fr
2,Auvergne-Rhône-Alpes,ÉSEC Lyon (ARFIS),private,https://www.esec.fr
3,Auvergne-Rhône-Alpes,ESC Clermont Business School,private,https://www.esc-clermont.fr
4,Auvergne-Rhône-Alpes,Ecole supérieure de commerce d'Annecy,private,https://escannecy.com
5,Auvergne-Rhône-Alpes,Institut de formation aux affaires et à la gestion,private,http://www.ifag.com
6,Auvergne-Rhône-Alpes,Ecole nationale supérieure des mines de Saint-Etienne - site de Saint-Etienne,public,http://www.mines-stetienne.fr
7,Auvergne-Rhône-Alpes,Artys'Tik,private,http://www.centreartys.com
8,Auvergne-Rhône-Alpes,Bellecour école,private,http://www.bellecour.fr
9,Auvergne-Rhône-Alpes,"AMOS - Sport Business School, campus de Lyon",private,http://www.amos-business-school.eu
10,Auvergne-Rhône-Alpes,Ecole de gestion et de commerce de Valence,private,https://ecole-commerce-valence.fr
11,Auvergne-Rhône-Alpes,EKLYA - School of business - campus de Lyon,private,http://www.eklya.fr
12,Auvergne-Rhône-Alpes,Ecole nationale d'ingénieurs de Saint-Etienne de l'école centrale de Lyon,public,http://www.enise.fr
13,Auvergne-Rhône-Alpes,VetAgro Sup - campus agronomique de Clermont,public,https://www.vetagro-sup.fr
14,Auvergne-Rhône-Alpes,Ecole nationale supérieure d'architecture de Saint-Etienne,public,http://www.st-etienne.archi.fr
15,Auvergne-Rhône-Alpes,Institut commercial lyonnais,private,https://www.icl.fr
16,Auvergne-Rhône-Alpes,Institut supérieur Architecture intérieure,private,https://www.cread.fr
17,Auvergne-Rhône-Alpes,Ecole supérieure d'art et design de Saint-Etienne,public,https://www.citedudesign.com
18,Auvergne-Rhône-Alpes,Supcréa,private,https://www.supcrea.com
19,Auvergne-Rhône-Alpes,IPAC,private,http://www.ipac-france.com
20,Auvergne-Rhône-Alpes,Institut de management des industries de la santé (groupe IGS),private,http://www.imislyon.com
21,Auvergne-Rhône-Alpes,3A - L'école internationale du management responsable,private,https://www.ecole3a.edu
22,Auvergne-Rhône-Alpes,Ecole d'enseignement aux arts appliqués et à l'image,private,http://www.enaai.fr
23,Auvergne-Rhône-Alpes,Institut national des sciences appliquées de Lyon,public,http://www.insa-lyon.fr
24,Auvergne-Rhône-Alpes,Université Jean Moulin - Lyon 3,public,http://www.univ-lyon3.fr
25,Auvergne-Rhône-Alpes,École nationale supérieure d'architecture de Clermont-Ferrand,public,http://www.clermont-fd.archi.fr
26,Auvergne-Rhône-Alpes,Institut supérieur d’agriculture Rhône-Alpes,privé,https://www.isara.fr
27,Auvergne-Rhône-Alpes,École nationale des travaux publics de l'État,public,http://www.entpe.fr
28,Auvergne-Rhône-Alpes,École catholique des arts et métiers,privé,http://www.ecam.fr
29,Auvergne-Rhône-Alpes,Institut textile et chimique,privé,http://www.itech.fr
30,Auvergne-Rhône-Alpes,Université Savoie Mont Blanc,public,https://www.univ-smb.fr
31,Auvergne-Rhône-Alpes,AgroParisTech - Centre de Clermont-Ferrand,public,https://www.agroparistech.fr
32,Auvergne-Rhône-Alpes,La CinéFabrique,private,http://cinefabrique.fr
33,Auvergne-Rhône-Alpes,European School of Administration and Management,private,http://www.esam-ecoles.com
34,Auvergne-Rhône-Alpes,Ecole centrale d'électronique - Groupe ECE - campus de Lyon,private,http://www.ece.fr
35,Auvergne-Rhône-Alpes,ESUP Lyon,private,https://www.esup.fr
36,Auvergne-Rhône-Alpes,Ecole de la Comédie de Saint-Etienne,public,http://www.lacomedie.fr
37,Auvergne-Rhône-Alpes,Campus de Saint-Etienne de l'Institut d'Etudes Politiques de Lyon,public,http://www.sciencespo-lyon.fr
38,Auvergne-Rhône-Alpes,"ESAIL, école de design intérieur et d’architecture intérieure",private,http://www.esail.fr
39,Auvergne-Rhône-Alpes,Centre de formation des enseignants de la musique,public,http://www.cefedem-aura.org
41,Auvergne-Rhône-Alpes,IDRAC Business School,private,http://www.idrac-bs.fr
42,Auvergne-Rhône-Alpes,Centre d'études franco-américain de management,private,https://www.cefam.fr
43,Auvergne-Rhône-Alpes,GRIM-EDIF,private,https://www.grimedif.com
44,Auvergne-Rhône-Alpes,Ecole des Beaux-Arts du Genevois,public,http://www.ebag.annemasse-agglo.fr
45,Auvergne-Rhône-Alpes,Ecole nationale supérieure d'architecture de Lyon,public,https://www.lyon.archi.fr
46,Auvergne-Rhône-Alpes,Institut Lyfe (ex Institut Paul Bocuse),private,https://www.institutlyfe.com
47,Auvergne-Rhône-Alpes,Ecole Presqu'île,private,http://www.ecole-presquile.fr
48,Auvergne-Rhône-Alpes,Clermont Auvergne INP,public,http://www.la-prepa-des-inp.fr
49,Auvergne-Rhône-Alpes,Ecole supérieure d'art Annecy Alpes,public,http://www.esaaa.fr
50,Auvergne-Rhône-Alpes,L'Ecole by CCI - Campus Digital,public,https://www.lecole-cci.fr
51,Auvergne-Rhône-Alpes,SUPDEMOD - Fashion design and business school,private,https://www.supdemod.eu
52,Auvergne-Rhône-Alpes,Institut d'optique théorique et appliquée - campus de Saint-Etienne,private,https://www.institutoptique.fr
53,Auvergne-Rhône-Alpes,Ecole supérieure d'art de Clermont Métropole,public,https://www.esacm.fr
54,Auvergne-Rhône-Alpes,Ecole Emile Cohl,private,http://www.cohl.fr
55,Auvergne-Rhône-Alpes,Institut supérieur de biotechnologies de Paris - campus de Lyon,private,http://www.supbiotech.fr
56,Auvergne-Rhône-Alpes,École polytechnique universitaire de l'Université Lyon 1 - site de Bourg-en-Bresse,public,http://polytech.univ-lyon1.fr
57,Auvergne-Rhône-Alpes,La Manufacture Aurillac - Incubateur chorégraphique,private,http://www.la-manufacture.org
58,Auvergne-Rhône-Alpes,Université Jean Monnet,public,https://www.univ-st-etienne.fr
59,Auvergne-Rhône-Alpes,EKLYA School of business campus de Saint Etienne,private,http://eklya.fr
60,Auvergne-Rhône-Alpes,Annexe de l'ENSBA-Lyon,public,http://www.ensba-lyon.fr
61,Auvergne-Rhône-Alpes,Ecole de gestion et de commerce Nord-Isère,private,https://www.occigene-formations.fr
62,Auvergne-Rhône-Alpes,Ecole supérieure d'art et design Grenoble-Valence,public,http://www.esad-gv.fr
63,Auvergne-Rhône-Alpes,Campus Sciences U Lyon,private,http://www.sciences-u-lyon.fr
64,Auvergne-Rhône-Alpes,emlyon business school,private,https://em-lyon.com
65,Auvergne-Rhône-Alpes,Ecole nationale supérieure d'architecture de Grenoble,public,https://www.grenoble.archi.fr
66,Auvergne-Rhône-Alpes,Ecole Brassart Grenoble,private,http://www.brassart.fr
67,Auvergne-Rhône-Alpes,École nationale supérieure des arts et techniques du théâtre,public,http://www.ensatt.fr
68,Auvergne-Rhône-Alpes,Ecole supérieure des métiers artistiques,private,https://www.esma-artistique.com
69,Auvergne-Rhône-Alpes,Université Claude Bernard - Lyon 1,public,https://www.univ-lyon1.fr
70,Auvergne-Rhône-Alpes,École normale supérieure de Lyon,public,http://www.ens-lyon.eu
71,Auvergne-Rhône-Alpes,École supérieure de chimie physique électronique de Lyon,privé,http://www.cpe.fr
72,Auvergne-Rhône-Alpes,Institut catholique de Lyon,privé,http://www.ucly.fr
73,Auvergne-Rhône-Alpes,École nationale supérieure des sciences de l'information et des bibliothèques,public,https://www.enssib.fr
74,Auvergne-Rhône-Alpes,Sciences Po Lyon,public,https://www.sciencespo-lyon.fr
75,Auvergne-Rhône-Alpes,Université Grenoble Alpes,public,https://www.univ-grenoble-alpes.fr
76,Auvergne-Rhône-Alpes,Vet Agro Sup,public,http://www.vetagro-sup.fr
77,Auvergne-Rhône-Alpes,Université Lumière - Lyon 2,public,http://www.univ-lyon2.fr
78,Bourgogne-Franche-Comté,École de gestion et de commerce Centre Est - campus de Chalon-sur-Saône,private,http://www.bachelor-egc.fr
79,Bourgogne-Franche-Comté,École supérieure des technologies et des affaires de Belfort,privé,https://www.esta-groupe.fr
80,Bourgogne-Franche-Comté,Université de Franche-Comté,public,https://www.univ-fcomte.fr
81,Bourgogne-Franche-Comté,École des Beaux-Arts de Beaune,public,http://artbeaune.fr
82,Bourgogne-Franche-Comté,Université de technologie de Belfort-Montbéliard,public,http://www.utbm.fr
83,Bourgogne-Franche-Comté,Ecole d'art de Belfort,public,https://www.ecole-art-belfort.fr
84,Bourgogne-Franche-Comté,École nationale supérieure d'art de Dijon,public,http://www.ensa-dijon.fr
85,Bourgogne-Franche-Comté,École de gestion et de commerce de Sens,private,https://www.bachelor-egc.fr
86,Bourgogne-Franche-Comté,Burgundy School of Business,privé,https://www.bsb-education.com
87,Bourgogne-Franche-Comté,CESI Ecole d'ingénieurs - campus de Dijon,private,https://dijon.cesi.fr
88,Bourgogne-Franche-Comté,Institut Supérieur des Beaux-arts de Besançon,public,http://www.isba-besancon.fr
89,Bourgogne-Franche-Comté,École supérieure de musique Bourgogne-Franche-Comté,public,http://www.esmbourgognefranchecomte.fr
90,Bourgogne-Franche-Comté,Ecole de management commercial de Lons-Le-Saunier,private,http://www.emc-jura.fr
91,Bourgogne-Franche-Comté,École media art,public,http://www.emafructidor.com
92,Bourgogne-Franche-Comté,Institut Agro Dijon,public,https://institut-agro-dijon.fr
93,Bourgogne-Franche-Comté,Université de Bourgogne,public,http://www.u-bourgogne.fr
94,Bourgogne-Franche-Comté,École nationale supérieure de mécanique et des microtechniques,public,https://www.ens2m.fr
95,Bretagne,Université de Bretagne Occidentale,public,http://www.univ-brest.fr
96,Bretagne,Ecole nationale supérieure Mines-Télécom Atlantique Bretagne Pays de la Loire - campus de Rennes,public,http://www.telecom-bretagne.eu
97,Bretagne,Ecole nationale supérieure Mines-Télécom Atlantique Bretagne Pays de la Loire - campus de Brest,public,http://www.imt-atlantique.fr
98,Bretagne,Institut polytechnique UniLaSalle - campus de Rennes - Ecole des métiers de l'environnement,private,http://rennes.unilasalle.fr
99,Bretagne,EMBA Business School,private,https://www.emba-bs.com
100,Bretagne,Institut catholique d'arts et métiers - site de Bretagne,private,https://www.icam.fr
101,Bretagne,Université Bretagne Sud,public,http://www.univ-ubs.fr
102,Bretagne,Institut de formation aux affaires et à la gestion,private,https://globalopencampus.com
103,Bretagne,ECAM Rennes Louis de Broglie,privé,http://www.ecam-rennes.fr
104,Bretagne,Brest Business School,privé,https://brest-bs.com
105,Bretagne,Ecole nationale de la statistique et de l'analyse de l'information,public,http://www.ensai.fr
106,Bretagne,Institut catholique de Rennes,privé,https://www.icrennes.org
107,Bretagne,École nationale supérieure de techniques avancées Bretagne,public,https://www.ensta-bretagne.fr
108,Bretagne,École spéciale militaire de Saint-Cyr,public,http://www.st-cyr.terre.defense.gouv.fr
109,Bretagne,CentraleSupélec - campus de Rennes,public,http://www.rennes.centralesupelec.fr
110,Bretagne,Ecole nationale supérieure d'architecture de Bretagne,public,http://www.rennes.archi.fr
111,Bretagne,Institut national supérieur de commerce des affaires et du management groupe ESCCOT,private,https://www.groupe-esccot.fr
112,Bretagne,Ecole supérieure d'ingénieurs de Rennes - campus de Saint-Brieuc,public,https://esir.univ-rennes.fr
113,Bretagne,Institut supérieur de l'électronique et du numérique de Brest,privé,https://isen-brest.fr
114,Bretagne,Institut Agro Rennes Angers - campus de Rennes,public,https://www.institut-agro-rennes-angers.fr
115,Bretagne,Université de Rennes,public,https://www.univ-rennes.fr
116,Bretagne,Université Rennes 2,public,http://www.univ-rennes2.fr
117,Bretagne,Ecole européenne supérieure d'art de Bretagne - site de Lorient,public,http://www.eesab.fr
118,Bretagne,Rennes School of Business,privé,https://www.rennes-sb.fr
119,Bretagne,CESI Ecole d'ingénieurs - campus de Brest,private,http://brest.cesi.fr
120,Bretagne,École nationale d'ingénieurs de Brest,public,http://www.enib.fr
121,Bretagne,École navale,public,https://www.ecole-navale.fr
122,Bretagne,Ecole municipale des beaux-arts Emile Daubé,public,http://www.mairie-saint-brieuc.fr
123,Centre-Val de Loire,Institut national des sciences appliquées Centre Val de Loire,public,http://www.insa-centrevaldeloire.fr
124,Centre-Val de Loire,AgroParisTech - Centre d'Orléans,public,http://www.univ-orleans.fr
125,Centre-Val de Loire,École supérieure d'art et de design TALM-Tours,public,http://esad-talm.fr
126,Centre-Val de Loire,Institut supérieur du commerce de Paris,private,https://www.iscparis.com
127,Centre-Val de Loire,Institut national des sciences appliquées Centre-Val de Loire - site de Bourges,public,https://www.insa-centrevaldeloire.fr
128,Centre-Val de Loire,Ecole des techniques de l'image de communication,public,https://etic-blois.com
129,Centre-Val de Loire,Excelia Business School,private,https://www.excelia-group.fr
130,Centre-Val de Loire,Université de Tours,public,https://www.univ-tours.fr
131,Centre-Val de Loire,Ecole Brassart Tours,private,https://www.brassart.fr
132,Centre-Val de Loire,École spéciale des travaux publics du bâtiment et de l'industrie - campus d'Orléans,private,https://www.estp.fr
133,Centre-Val de Loire,Université d'Orléans,public,https://www.univ-orleans.fr
134,Centre-Val de Loire,Ecole supérieure d'art et de design,public,http://esadorleans.fr
135,Centre-Val de Loire,Ecole nationale supérieure d'art,public,http://www.ensa-bourges.fr
136,Centre-Val de Loire,Ecole municipale des beaux-arts de Châteauroux - Collège Marcel Duchamp,public,https://www.chateauroux-metropole.fr
137,Corse,Université de Corse Pasquale Paoli,public,https://www.universita.corsica
138,Grand Est,École nationale supérieure d'art et de design de Nancy,public,https://ensad-nancy.eu
139,Grand Est,South Champagne Business School - Groupe Y SCHOOLS,private,https://www.scbs-education.com
140,Grand Est,École supérieure d'ingénieurs des travaux de la construction de Metz,privé,http://www.esitc-metz.com
141,Grand Est,Haute école des arts du Rhin - Site d'arts plastiques de Mulhouse,public,https://www.hear.fr
142,Grand Est,Ecole supérieure de design de Troyes - Groupe Y SCHOOLS,private,https://ecolededesign.fr
143,Grand Est,Université de Lorraine,public,http://www.univ-lorraine.fr
144,Grand Est,Université de technologie de Troyes,public,https://www.utt.fr
145,Grand Est,AgroParisTech - Centre de Nancy,public,http://www.agroparistech.fr
146,Grand Est,Institut national du service public,public,https://insp.gouv.fr
147,Grand Est,Ecole supérieure d'art de Lorraine - site Epinal,public,https://www.esal-epinal.fr
148,Grand Est,Ecole supérieure d'art de Lorraine - Pôle Musique et Danse,public,http://cefedem-lorraine.fr
149,Grand Est,Ecole supérieure d'art et de design de Reims,public,https://esad-reims.fr
150,Grand Est,Université de Haute-Alsace,public,https://www.uha.fr
151,Grand Est,Ecole supérieure d'art de Lorraine,public,http://esalorraine.fr
152,Grand Est,Ecole nationale supérieure des arts de la marionnette,public,https://marionnette.com
153,Grand Est,École nationale supérieure d'architecture de Strasbourg,public,http://www.strasbourg.archi.fr
154,Grand Est,Négoventis - CCI Formation EESC,private,https://cciformation-eesc.fr
155,Grand Est,Ecole supérieure du soudage et de ses applications,private,http://www.essa-eaps.isgroupe.com
156,Grand Est,ICN Business School,privé,https://www.icn-artem.com
157,Grand Est,École Supérieure de Tourisme site de Troyes - Groupe Y SCHOOLS,private,http://www.ecolesuperieuretourisme.fr
158,Grand Est,Institut national des sciences appliquées de Strasbourg,public,https://www.insa-strasbourg.fr
159,Grand Est,Y SCHOOLS,privé,https://www.yschools.fr
160,Grand Est,Neoma Business School,private,https://neoma-bs.fr
161,Grand Est,L'iconograf,private,http://www.liconograf.com
162,Grand Est,Ecole Supérieure de Tourisme site de Metz - Groupe Y SCHOOLS,private,https://ecolesuperieuretourisme.fr
163,Grand Est,Université de Strasbourg,public,http://www.unistra.fr
164,Grand Est,Ecole supérieure d'art dramatique du Théâtre National de Strasbourg,public,https://www.tns.fr
165,Grand Est,École nationale du génie de l'eau et de l'environnement de Strasbourg,public,https://engees.unistra.fr
166,Grand Est,École nationale supérieure d'architecture de Nancy,public,https://www.nancy.archi.fr
167,Grand Est,CESI Ecole d'ingénieurs - campus de Nancy,private,https://nancy@cesi.fr
168,Grand Est,Institut catholique d'arts et métiers - site de Strasbourg-Europe,private,https://icam-strasbourg.eu
169,Grand Est,EPF école d'ingénieurs généralistes - site de Troyes,private,https://www.epf.fr
170,Grand Est,Ecole nationale supérieure de cirque,public,http://www.cnac.fr
171,Grand Est,Ecole supérieure de commerce des 3 frontières,private,https://esc-3frontieres.fr
172,Grand Est,Université de Reims Champagne-Ardenne,public,https://www.univ-reims.fr
173,Grand Est,CentraleSupélec - campus de Metz,public,https://www.metz.centralesupelec.fr
174,Hauts-de-France,École nationale supérieure d'arts et métiers - campus Arts et Métiers de Lille,public,http://artsetmetiers.fr
175,Hauts-de-France,Ecole supérieure d'art et de communication de Cambrai,public,http://www.esac-cambrai.net
176,Hauts-de-France,Ecole supérieure de commerce de Compiègne,private,https://www.esc-compiegne.com
177,Hauts-de-France,Ecole supérieure de chimie organique et minérale,private,http://www.escom.fr
178,Hauts-de-France,Ecole d'art du Beauvaisis,public,https://ecole-art-du-beauvaisis.com
179,Hauts-de-France,Université de Lille,public,https://www.univ-lille.fr
180,Hauts-de-France,"Ecole supérieure d'art du Nord Pas de Calais, site de Tourcoing",public,https://www.esa-n.info
181,Hauts-de-France,ARTFX - School of digital arts,private,https://artfx.school
182,Hauts-de-France,Institut polytechnique UniLaSalle - campus d'Amiens,private,http://www.esiee-amiens.fr
183,Hauts-de-France,Ecole nationale supérieure Mines-Télécom Nord Europe - campus de Douai,public,https://imt-nord-europe.fr
184,Hauts-de-France,Ecole supérieure de commerce d'Amiens,private,https://www.esc-amiens.com
185,Hauts-de-France,ITEEM,public,http://iteem.centralelille.fr
186,Hauts-de-France,Ecole supérieure musique et danse Hauts-de-France,private,http://www.esmd.fr
187,Hauts-de-France,ENSCL - Ecole Nationale Supérieure de Chimie de Lille,public,http://www.ensc-lille.fr
188,Hauts-de-France,Le Concept - Ecole d'Art du Calaisis,public,http://www.ecole-art-calaisis.fr
189,Hauts-de-France,Ecole de gestion et de commerce de Lille,private,http://www.egc-lille.com
190,Hauts-de-France,École des hautes études commerciales du nord,privé,http://www.edhec.com
191,Hauts-de-France,ECV Creative Schools & Community,private,https://www.ecv.fr
192,Hauts-de-France,École d'ingénieurs des sciences aérospatiales,privé,http://www.elisa-aerospace.fr
193,Hauts-de-France,Université de Technologie de Compiègne,public,https://www.utc.fr
194,Hauts-de-France,Université de Picardie Jules-Verne,public,https://www.u-picardie.fr
195,Hauts-de-France,École supérieure de chimie organique et minérale,privé,https://www.escom.fr
196,Hauts-de-France,Université Polytechnique Hauts-de-France,public,https://www.uphf.fr
197,Hauts-de-France,Le Fresnoy - Studio national des arts contemporains,public,https://www.lefresnoy.net
198,Hauts-de-France,Ecole du Nord,public,https://www.theatredunord.fr
199,Hauts-de-France,Institut catholique de Lille,privé,http://www.univ-catholille.fr
200,Hauts-de-France,École Centrale de Lille,public,http://ecole.centralelille.fr
201,Hauts-de-France,Ecole du management de la culture et du marché de l'art,private,https://www.icart.fr
202,Hauts-de-France,Institut supérieur d'agriculture de Lille,privé,http://www.isa-lille.fr
203,Hauts-de-France,Institut d'économie scientifique et de gestion,privé,https://www.ieseg.fr
204,Hauts-de-France,Hautes études d'ingénieur,privé,https://www.hei.fr
205,Hauts-de-France,Skema Business School,privé,http://www.skema-bs.fr
206,Hauts-de-France,Junia,privé,https://www.junia.com
207,Hauts-de-France,Université du Littoral Côte d’Opale,public,http://www.univ-littoral.fr
208,Hauts-de-France,IG2I - Institut de Génie Informatique et Industriel,public,https://ig2i.centralelille.fr
209,Hauts-de-France,Université d'Artois,public,http://www.univ-artois.fr
210,Hauts-de-France,Ecole supérieure d'art et de design,public,http://www.esad-amiens.fr
211,Hauts-de-France,Centrale Lille Institut,public,https://centralelille.fr
212,Ile-de-France,Ecole bleue,private,http://www.ecole-bleue.fr
213,Ile-de-France,Ecole du Louvre,public,http://www.ecoledulouvre.fr
214,Ile-de-France,Ecole supérieure d'ingénieurs Léonard de Vinci - campus de Paris,private,https://www.esilv.fr
215,Ile-de-France,Facultés Libres de Philosophie et de Psychologie,privé,http://www.ipc-paris.fr
216,Ile-de-France,"Ecole supérieure du cinéma, du son et de la musique",private,http://www.esis-paris.fr
217,Ile-de-France,Institut technique supérieur du management international,private,http://www.itsmiparis.com
218,Ile-de-France,Ecole Intuit-lab,private,http://www.ecole-intuit-lab.com
219,Ile-de-France,École nationale supérieure des arts décoratifs,public,https://www.ensad.fr
220,Ile-de-France,Grenoble Ecole de Management,private,https://www.grenoble-em.com
221,Ile-de-France,ESCP Business School,private,https://escp.eu
222,Ile-de-France,Kedge Business School,private,https://kedge.edu
223,Ile-de-France,ESMOD international,private,http://www.esmod.com
224,Ile-de-France,École nationale supérieure d'architecture de Paris-Malaquais,public,http://paris-malaquais.archi.fr
225,Ile-de-France,Ecole nationale de la statistique et de l'administration économique,public,http://www.ensae.fr
226,Ile-de-France,Ecole municipale des beaux-arts - Galerie Edouard Manet,public,http://www.ville-gennevilliers.fr
227,Ile-de-France,EPMC La Ruche,private,http://www.ecole-creation-la-ruche.fr
228,Ile-de-France,École Périmony,private,http://www.ecoleperimony.com
229,Ile-de-France,Institut européen des affaires,private,http://www.ieaparis.fr
230,Ile-de-France,Ecole normale de musique Alfred Cortot,private,http://www.ecolenormalecortot.com
231,Ile-de-France,Atelier Chardon Savard,private,http://www.atelier-chardon-savard.com
232,Ile-de-France,Institut National de l'Audiovisuel - Ecole supérieure de l'audiovisuel et des médias numériques,public,http://www.ina-expert.com
233,Ile-de-France,EFET Photographie - Campus Paris,private,https://www.efet.fr
234,Ile-de-France,Académie Charpentier,private,http://www.academiecharpentier.com
235,Ile-de-France,ESLSCA Business School Paris,private,http://www.eslsca.fr
236,Ile-de-France,Ecole Jean Trubert,private,http://www.ecolejeantrubert.com
237,Ile-de-France,Agence École LVB2,private,http://www.lvb2.fr
238,Ile-de-France,Ecole nationale des Ponts et Chaussées - site de Champs-sur-Marne,public,https://ecoledesponts.fr
239,Ile-de-France,Ecole de dessin technique artistique Sornas,private,http://www.sornas.fr
240,Ile-de-France,EPSAA  L'école de communication visuelle de la Ville de Paris,public,http://www.epsaa.fr
241,Ile-de-France,Institut catholique d'arts et métiers - site de Grand Paris Sud,private,http://www.icam.fr
242,Ile-de-France,Webstart - Paris,private,https://ecole-webstart.com
243,Ile-de-France,Ecole internationale de Mode et Luxe,private,http://www.ecoledemode.fr
244,Ile-de-France,Ecole d'art Les Arcades,public,https://www.issy.com
245,Ile-de-France,Ecole internationale de théâtre Jacques Lecoq,private,http://www.ecole-jacqueslecoq.com
246,Ile-de-France,Institut d'études supérieures des arts,private,http://www.iesa.fr
247,Ile-de-France,ESG Sport,private,http://www.mba-esg.com
248,Ile-de-France,Studio Mercier,private,http://www.studiomercier.com
249,Ile-de-France,L'Institut supérieur des arts appliqués - LISAA Paris Mode,private,http://www.lisaa.com
250,Ile-de-France,École supérieure d'art mural et décoratif de Versailles,private,https://www.ecoleartmural-versailles.com
251,Ile-de-France,Ecole de théâtre l'Eponyme,private,http://www.leponyme.fr
252,Ile-de-France,ACTS - Ecole de danse contemporaine de Paris,private,http://www.acts-dance.com
253,Ile-de-France,Ecole des beaux-arts de Versailles,public,http://www.versailles.fr
254,Ile-de-France,Autograf,private,http://www.autograf.fr
255,Ile-de-France,Institut de création et d'animation numériques,private,http://www.ican-design.fr
256,Ile-de-France,Créapôle ESDI,private,http://www.creapole.fr
257,Ile-de-France,Ecole supérieure d'art dramatique de Paris,public,http://www.esadparis.fr
258,Ile-de-France,Ecole supérieure de gestion et de commerce,private,http://www.escg-paris.com
259,Ile-de-France,"Ecole supérieure des métiers de l'image, du son et de la création 2D 3D",private,http://www.emc.fr
260,Ile-de-France,Ecole internationale de création audiovisuelle et de réalisation,private,http://www.eicar.fr
261,Ile-de-France,Académie de bande dessinée Delcourt,private,https://www.academie-bd.fr
262,Ile-de-France,Institut technique de maquillage,private,http://www.itmparis.com
263,Ile-de-France,Paris College of Art,private,http://www.paris.edu
264,Ile-de-France,Atelier de Sèvres,private,https://www.atelierdesevres.com
265,Ile-de-France,L'École Multimédia,private,http://www.ecole-multimedia.com
266,Ile-de-France,Académie internationale de comédie musicale,private,https://aicomparis.com
267,Ile-de-France,Ecole supérieure d'économie d'art et de communication,private,http://www.ecole-eac.com
268,Ile-de-France,Institut polytechnique de Paris,public,https://www.ip-paris.fr
269,Ile-de-France,ESIEE Paris,privé,https://www.esiee.fr
270,Ile-de-France,"Institut national du sport, de l'expertise et de la performance",public,https://www.insep.fr
271,Ile-de-France,Ecole nationale supérieure de techniques avancées Paris,public,https://www.ensta-paris.fr
272,Ile-de-France,IPAG Business School,private,https://www.ipag.edu
273,Ile-de-France,ESME - campus de Paris,private,http://www.esme.fr
274,Ile-de-France,The School of Advanced Management and Finance,private,https://www.imsi-ecoles.com
275,Ile-de-France,Mod'art International,private,http://www.modart-paris.com
276,Ile-de-France,Espace Pléiade,private,https://www.facebook.com
277,Ile-de-France,Ecole de management Léonard de Vinci,private,https://www.emlv.fr
278,Ile-de-France,Rencontres Internationales Danse Contemporaine,private,http://www.ridc-danse.com
279,Ile-de-France,Académie internationale de coupe de Paris,private,http://www.aicp.fr
280,Ile-de-France,Académie internationale de la danse,private,https://academiedanseparis.com
281,Ile-de-France,Ecole supérieure de gestion et finance - Pôle ESG,private,http://www.esgf.com
282,Ile-de-France,Studio Harmonic,private,http://www.studioharmonic.fr
283,Ile-de-France,Ecole privée de maquillage et de coiffure pour le spectacle J. P. Fleurimon,private,http://www.fleurimon.com
284,Ile-de-France,La Fabrique,public,http://www.lafabrique-ecole.fr
285,Ile-de-France,Ecole Hourdé,private,http://www.ecole-hourde.com
286,Ile-de-France,The Global American  University - Schiller - Paris Campus,private,https://schiller.edu
287,Ile-de-France,Institut supérieur du commerce de Paris,privé,https://iscparis.com
288,Ile-de-France,EDC Paris Business School,private,http://www.supdeluxe.fr
289,Ile-de-France,Centre des hautes études de la construction,private,http://www.chec.fr
290,Ile-de-France,Télécom Paris,public,https://www.telecom-paris.fr
291,Ile-de-France,ICART - L'école de management de la culture et du marché de l'art,private,http://www.icart.fr
292,Ile-de-France,Télécom SudParis - site de Palaiseau,public,http://www.telecom-sudparis.eu
293,Ile-de-France,Institut Mines - Télécom Business School,public,https://www.imt-bs.eu
294,Ile-de-France,ISART DIGITAL,private,http://www.isart.fr
295,Ile-de-France,Ecole nationale supérieure d'architecture Paris-Val de Seine,public,https://www.paris-valdeseine.archi.fr
296,Ile-de-France,EAP PrepaSeine-InfoSeine,private,https://eapseine.fr
297,Ile-de-France,European Business School,private,https://www.ebs-paris.fr
298,Ile-de-France,École nationale supérieure d'arts et métiers - campus Arts et Métiers de Paris,public,http://www.artsetmetiers.fr
299,Ile-de-France,Universelle européenne de danse Paul et Yvonne Goubé,private,http://www.dansegoube.com
300,Ile-de-France,Institut supérieur de gestion de Paris - International Business School,private,https://www.isg.fr
301,Ile-de-France,Studio Mode Paris,private,http://www.studiomode.fr
302,Ile-de-France,Pôle supérieur d'enseignement artistique Paris Boulogne-Billancourt,public,http://www.pspbb.fr
303,Ile-de-France,Ecole nationale supérieure d'architecture de la ville et des territoires Paris-Est,public,https://www.paris-est.archi.fr
304,Ile-de-France,La Fémis - Ecole nationale supérieure des métiers de l'image et du son,public,http://www.femis.fr
305,Ile-de-France,International Fashion Academy (IFA Paris),private,http://www.ifaparis.com
306,Ile-de-France,ECAM-EPMI,privé,https://www.ecam-epmi.fr
307,Ile-de-France,COM'ART,private,http://www.comart-design.com
308,Ile-de-France,The American Business School of Paris - groupe IGS,private,http://www.absparis.com
309,Ile-de-France,Cours Florent,private,http://www.coursflorent.fr
310,Ile-de-France,École nationale supérieure Louis Lumière,public,http://www.ens-louis-lumiere.fr
311,Ile-de-France,Ecole supérieure du commerce extérieur,private,https://www.esce.fr
312,Ile-de-France,ESCP Business School,private,https://www.escp.eu
313,Ile-de-France,Paris American Academy,private,https://www.parisamericanacademy.fr
314,Ile-de-France,Ecole supérieure de gestion et commerce international - Pôle ESG,private,http://www.esgci.com
315,Ile-de-France,FORMAMOD,private,https://www.formamod.com
316,Ile-de-France,"EFFICOM Paris, l'école supérieure en Web, Informatique, Audiovisuel et Design",private,http://www.efficom.fr
317,Ile-de-France,École spéciale d'architecture,privé,http://www.esa-paris.fr
318,Ile-de-France,Beaux-Arts de Paris,public,http://www.beauxartsparis.fr
319,Ile-de-France,Ecole Conte,private,http://www.ecole-conte.com
320,Ile-de-France,Centre des musiques Didier Lockwood,private,http://www.cmdl.eu
321,Ile-de-France,CentraleSupélec - campus de Paris-Saclay,public,http://www.centralesupelec.fr
322,Ile-de-France,Ecole supérieure des arts modernes,private,http://www.esamdesign.com
323,Ile-de-France,Ecole nationale supérieure d'arts Paris-Cergy,public,http://www.ensapc.fr
324,Ile-de-France,Digital Campus Paris,private,https://www.digital-campus.fr
325,Ile-de-France,L'école du Jeu - école de théâtre Paris,private,http://www.ecoledujeu.com
326,Ile-de-France,Institut de Formation aux Techniques de  l’Image et du Son,private,https://www.iftis.com
327,Ile-de-France,Paris School of Business,private,https://www.psbedu.paris
328,Ile-de-France,IMEP Paris College of Music,private,https://www.imep.pro
329,Ile-de-France,Muséum national d'histoire naturelle,public,http://www.mnhn.fr
330,Ile-de-France,Institut supérieur européen de la mode,private,https://www.esmod.com
331,Ile-de-France,Institut protestant de théologie,privé,http://www.iptheologie.fr
332,Ile-de-France,ESIEE-IT,privé,https://www.esiee-it.fr
333,Ile-de-France,Studio Berçot,private,http://www.studio-bercot.com
334,Ile-de-France,École nationale supérieure de création industrielle - Les Ateliers,public,https://www.ensci.com
335,Ile-de-France,Université Paris-Panthéon-Assas,public,http://www.assas-universite.fr
336,Ile-de-France,"Institut national d'enseignement supérieur pour l'agriculture, l'alimentation et l'environnement",public,https://www.institut-agro.fr
337,Ile-de-France,Arts et Métiers Sciences et Technologies,public,https://artsetmetiers.fr
338,Ile-de-France,Itecom Art Design,private,http://www.itecom-artdesign.com
339,Ile-de-France,Université Sorbonne Nouvelle - Paris 3,public,http://www.univ-paris3.fr
340,Ile-de-France,Université Paris 1 - Panthéon Sorbonne,public,http://www.univ-paris1.fr
341,Ile-de-France,Ecole de Condé Paris,private,http://www.ecoles-conde.com
342,Ile-de-France,CY Cergy Paris Université,public,https://www.cyu.fr
343,Ile-de-France,Institut supérieur d'électronique de Paris,privé,https://www.isep.fr
344,Ile-de-France,1984 School Of Design,private,http://www.1984-ecole.com
345,Ile-de-France,Vatel -  campus de Paris,private,http://www.vatel.fr
346,Ile-de-France,Institut polytechnique des sciences avancées,privé,https://www.ipsa.fr
347,Ile-de-France,CESI Ecole d'ingénieurs - campus de Paris Nanterre,private,https://ecole-ingenieurs.cesi.fr
348,Ile-de-France,Institut national du patrimoine,public,http://www.inp.fr
349,Ile-de-France,IAE Paris - Sorbonne Business School,public,http://www.iae-paris.com
350,Ile-de-France,École pour l'informatique et les techniques avancées,privé,https://www.epita.fr
351,Ile-de-France,Ecole Polytechnique,public,https://programmes.polytechnique.edu
352,Ile-de-France,"Institut Mines-Télécom, au périmètre des écoles IMT Atlantique, Lille Douai, Albi, Alès, Mines Saint-Étienne et Institut Mines-Télécom Business school",public,https://www.imt.fr
353,Ile-de-France,Institut national supérieur de formation et de recherche pour l'éducation inclusive,public,http://www.inshea.fr
354,Ile-de-France,Université Paris-Saclay,public,https://www.universite-paris-saclay.fr
355,Ile-de-France,EPF - École d'ingénieurs,privé,http://www.epf.fr
356,Ile-de-France,École nationale des sciences géographiques,public,http://www.ensg.eu
357,Ile-de-France,Conservatoire libre du cinéma français,private,http://www.clcf.com
358,Ile-de-France,Garti le Plus,private,http://ecolegarti.com
359,Ile-de-France,Ecole supérieure de vente et d'exportation,private,http://www.esve-paris.com
360,Ile-de-France,École spéciale de mécanique et d'électricité,privé,https://www.esme.fr
361,Ile-de-France,Gobelins Paris - Campus Gambetta,private,https://www.gobelins.fr
362,Ile-de-France,École de biologie industrielle,privé,https://ebi-edu.com
363,Ile-de-France,Ecole Camondo Paris,private,http://www.ecolecamondo.fr
364,Ile-de-France,Institut catholique de Paris,privé,https://www.icp.fr
365,Ile-de-France,École supérieure d'informatique électronique automatique,privé,https://www.esiea.fr
366,Ile-de-France,"École spéciale des travaux publics, du bâtiment et de l'industrie",privé,http://www.estp.fr
367,Ile-de-France,Mode Estah Paris,private,http://www.mode-estah.com
368,Ile-de-France,Institut Sup'Biotech de Paris,privé,https://www.supbiotech.fr
369,Ile-de-France,Spéos Paris - Ecole de photographie,private,https://www.speos-photo.com
370,Ile-de-France,Université Paris sciences et lettres,public,https://www.psl.eu
371,Ile-de-France,Sorbonne Université,public,https://www.sorbonne-universite.fr
372,Ile-de-France,Institut national des sciences et techniques nucléaires,public,http://www-instn.cea.fr
373,Ile-de-France,Istituto Marangoni,private,http://www.istitutomarangoni.com
374,Ile-de-France,CIFACOM,private,http://www.cifacom.com
375,Ile-de-France,École nationale supérieure du pétrole et des moteurs,public,https://www.ifp-school.com
376,Ile-de-France,École nationale supérieure de paysage,public,http://www.ecole-paysage.fr
377,Ile-de-France,L'École des designers Efet Studio Créa,private,https://www.efet-studiocrea.com
378,Ile-de-France,INSEEC,private,http://masters.inseec.com
379,Ile-de-France,Conservatoire européen d'écriture audiovisuelle,private,http://www.ceea.edu
380,Ile-de-France,École nationale supérieure d’architecture de Versailles,public,http://www.versailles.archi.fr
381,Ile-de-France,CESI,privé,https://www.cesi.fr
382,Ile-de-France,Université Gustave Eiffel,public,https://www.univ-gustave-eiffel.fr
383,Ile-de-France,Université Paris Cité,public,https://u-paris.fr
384,Ile-de-France,Sciences Po,public,https://www.sciencespo.fr
385,Ile-de-France,Université Sorbonne Paris Nord,public,http://www.univ-paris13.fr
386,Ile-de-France,Institut français de la mode,privé,https://www.ifmparis.fr
387,Ile-de-France,Ecole Georges Méliès,private,http://www.ecolegeorgesmelies.fr
388,Ile-de-France,Université Paris 8 - Vincennes - Saint-Denis,public,http://www.univ-paris8.fr
389,Ile-de-France,École supérieure des techniques aéronautiques et de construction automobile - Paris-Saclay,private,https://www.estaca.fr
390,Ile-de-France,Université de Versailles Saint-Quentin-en-Yvelines,public,http://www.uvsq.fr
391,Ile-de-France,École nationale vétérinaire d'Alfort,public,https://www.vet-alfort.fr
392,Ile-de-France,École centrale d'électronique,privé,https://www.ece.fr
393,Ile-de-France,École nationale des ponts et chaussées,public,https://www.ecoledesponts.fr
394,Ile-de-France,Institut national des langues et civilisations orientales,public,http://www.inalco.fr
395,Ile-de-France,École nationale supérieure d'architecture de Paris-La Villette,public,http://www.paris-lavillette.archi.fr
396,Ile-de-France,Pôle supérieur d'enseignement artistique de Seine-Saint-Denis Ile-de-France,public,http://www.polesup93.fr
397,Ile-de-France,Ecole préparatoire aux métiers du Cinéma et de l'audiovisuel,private,http://www.laflec.com
398,Ile-de-France,École nationale supérieure d'informatique pour l'industrie et l'entreprise,public,https://www.ensiie.fr
399,Ile-de-France,Collège de France,public,https://www.college-de-france.fr
400,Ile-de-France,Institut international du commerce et du développement - groupe IGS,private,https://www.icd-ecoles.com
401,Ile-de-France,École des hautes études en sciences sociales,public,https://www.ehess.fr
402,Ile-de-France,Schola Cantorum,private,http://www.schola-cantorum.com
403,Ile-de-France,Institut national d'histoire de l'art,public,https://www.inha.fr
404,Ile-de-France,École supérieure des techniques aéronautiques et de construction automobile,privé,http://www.estaca.fr
405,Ile-de-France,École nationale supérieure d'architecture de Paris-Belleville,public,http://www.paris-belleville.archi.fr
406,Ile-de-France,Université d'Évry-Val-d'Essonne,public,https://www.univ-evry.fr
407,Ile-de-France,École supérieure d'ingénieurs des travaux de la construction de Paris,privé,https://www.esitc-paris.fr
408,Ile-de-France,École nationale supérieure de l'électronique et de ses applications de Cergy,public,https://www.ensea.fr
409,Ile-de-France,ISTEC Business School Paris,private,https://www.istec.fr
410,Ile-de-France,Université Paris-Est Créteil,public,https://www.u-pec.fr
411,Ile-de-France,École supérieure de fonderie et de forge,privé,http://www.esff.fr
412,Ile-de-France,Ecole supérieure de commerce et de communication - ESCC Business School,private,https://escc-bs.fr
413,Ile-de-France,École des hautes études commerciales de Paris,privé,https://www.hec.edu
414,Ile-de-France,Strate Ecole de design,private,http://www.strate.design
415,Ile-de-France,Conservatoire national des arts et métiers,public,http://www.cnam.fr
416,Ile-de-France,Ecole de direction artistique et d'architecture intérieure - Penninghen,private,http://www.penninghen.fr
417,Ile-de-France,ISAL PARIS,private,http://isal-paris.com
418,Ile-de-France,Studio M Paris,private,http://www.studio-m.fr
419,Ile-de-France,Centre d'études spécialisé des arts narratifs,private,http://www.cesan.fr
420,Ile-de-France,ISAE-Supméca,public,http://www.supmeca.fr
421,Ile-de-France,EFREI Paris - campus de Villejuif,private,http://www.efrei.fr
422,Ile-de-France,IPAG Business School,privé,https://www.ipag.fr
423,Ile-de-France,Université Paris Nanterre,public,https://www.parisnanterre.fr
424,Ile-de-France,École supérieure des sciences économiques et commerciales,privé,https://www.essec.edu
425,Ile-de-France,Ecole supérieure d'architecture des jardins,private,http://www.esaj.asso.fr
426,Normandie,IPAC Bachelor Factory,private,http://www.aftec.fr
427,Normandie,Université de Caen Normandie,public,http://www.unicaen.fr
428,Normandie,BUILDERS École d'ingénieurs,privé,https://builders-ingenieurs.fr
429,Normandie,École supérieure d'arts et médias de Caen - Cherbourg,public,http://www.esam-c2.fr
430,Normandie,CESI Ecole d'ingénieurs - campus de Rouen,private,http://rouen.cesi.fr
431,Normandie,École nationale supérieure d'architecture de Normandie,public,http://www.rouen.archi.fr
432,Normandie,École de management de Normandie,privé,https://www.em-normandie.com
433,Normandie,Université de Rouen Normandie,public,https://www.univ-rouen.fr
434,Normandie,Neoma Business School,privé,https://www.neoma-bs.fr
435,Normandie,Ecole supérieure d'art et design Le Havre-Rouen (site du Havre),public,https://esadhar.fr
436,Normandie,Centre de formation des enseignants de la danse et de la musique de Normandie,public,http://www.cefedem-normandie.com
437,Normandie,École nationale supérieure maritime,public,https://www.supmaritime.fr
438,Normandie,École supérieure d'ingénieurs en génie électrique,privé,https://www.esigelec.fr
439,Normandie,Institut supérieur de l'électronique et du numérique Ouest - campus de Caen,private,https://isen-caen.fr
440,Normandie,École nationale supérieure d'ingénieurs de Caen,public,http://www.ensicaen.fr
441,Normandie,Ecole de gestion et de commerce de Normandie,private,https://www.egcnormandie.fr
442,Normandie,Institut national des sciences appliquées de Rouen Normandie,public,https://www.insa-rouen.fr
443,Normandie,Campus de Caen de l'Institut d'études politiques de Rennes,public,http://www.sciencespo-rennes.fr
444,Normandie,Université Le Havre Normandie,public,https://www.univ-lehavre.fr
445,Nouvelle-Aquitaine,École nationale supérieure de technologie des biomolécules de Bordeaux,public,https://enstbb.bordeaux-inp.fr
446,Nouvelle-Aquitaine,IDAIC école des métiers du commerce et du management,private,http://www.idaic-poitiers.com
447,Nouvelle-Aquitaine,Institut d'ingénierie informatique de Limoges,privé,https://www.3il-ingenieurs.fr
448,Nouvelle-Aquitaine,Human Academy,private,https://eu.athuman.com
449,Nouvelle-Aquitaine,École supérieure de théâtre du Limousin,public,https://www.theatre-union.fr
450,Nouvelle-Aquitaine,"Ecole nationale supérieure de matériaux, d'agroalimentaire et de chimie",public,https://ensmac.bordeaux-inp.fr
451,Nouvelle-Aquitaine,La Rochelle Université,public,https://www.univ-larochelle.fr
452,Nouvelle-Aquitaine,Eklore - Ed School of Management (ESC Pau BS),private,https://www.esc-pau.fr
453,Nouvelle-Aquitaine,Kedge Business School,private,https://www.kedgebachelor-bayonne.com
454,Nouvelle-Aquitaine,Excelia Group,privé,https://www.excelia-group.com
455,Nouvelle-Aquitaine,Institut international de l'image et du son - 3IS Education Bordeaux,private,https://3is-education.fr
456,Nouvelle-Aquitaine,École supérieure de commerce et d'économie numérique,private,http://www.escen.fr
457,Nouvelle-Aquitaine,École d'art du Grand Angoulême,public,http://www.ecole-art-grandangouleme.fr
458,Nouvelle-Aquitaine,Université de Bordeaux,public,https://www.u-bordeaux.fr
459,Nouvelle-Aquitaine,Université Bordeaux Montaigne,public,http://www.u-bordeaux-montaigne.fr
460,Nouvelle-Aquitaine,CY Tech - campus de Pau (exEISTI),public,https://cytech.cyu.fr
461,Nouvelle-Aquitaine,École nationale supérieure de mécanique et d'aérotechnique de Poitiers,public,https://www.ensma.fr
462,Nouvelle-Aquitaine,Kedge Business School,private,https://campuslandes.com
463,Nouvelle-Aquitaine,École des métiers du cinéma d'animation,public,https://www.emca-angouleme.fr
464,Nouvelle-Aquitaine,Alliance européenne - Périgueux Business School,private,https://perigueuxbusiness-school.com
465,Nouvelle-Aquitaine,CESI Ecole d'ingénieurs - campus de Pau,private,http://pau.cesi.fr
466,Nouvelle-Aquitaine,École supérieure des technologies industrielles avancées,privé,http://www.estia.fr
467,Nouvelle-Aquitaine,École de design de Nouvelle-Aquitaine,private,https://www.ecole-design-nouvelle-aquitaine.com
468,Nouvelle-Aquitaine,École nationale supérieure des sciences agronomiques de Bordeaux Aquitaine,public,https://www.agro-bordeaux.fr
469,Nouvelle-Aquitaine,EIGSI La Rochelle,privé,http://www.eigsi.fr
470,Nouvelle-Aquitaine,Bordeaux INP,public,https://www.ipb.fr
471,Nouvelle-Aquitaine,École nationale supérieure de cognitique,public,https://ensc.bordeaux-inp.fr
472,Nouvelle-Aquitaine,Université de Limoges,public,https://www.unilim.fr
473,Nouvelle-Aquitaine,Université de Pau et des Pays de l'Adour,public,https://www.univ-pau.fr
474,Nouvelle-Aquitaine,École supérieure des Beaux-Arts de Bordeaux,public,https://www.ebabx.fr
475,Nouvelle-Aquitaine,INSEEC Grande Ecole,private,https://www.inseec.com
476,Nouvelle-Aquitaine,Pôle Aliénor,public,http://www.polealienor.eu
477,Nouvelle-Aquitaine,École supérieure d'art Pays Basque - Villa des Rocailles,public,https://www.esa-paysbasque.fr
478,Nouvelle-Aquitaine,L'institut supérieur des arts appliqués - LISAA Bordeaux,private,https://www.lisaa.com
479,Nouvelle-Aquitaine,École supérieure d'art et de design des Pyrénées,public,http://www.esad-pyrenees.fr
480,Nouvelle-Aquitaine,Ecole supérieure de théâtre Bordeaux Aquitaine,public,https://tnba.org
481,Nouvelle-Aquitaine,Ecole nationale supérieure d'art et de design Limoges,public,https://www.ensad-limoges.fr
482,Nouvelle-Aquitaine,Pôle d'enseignement supérieur de musique et de danse Bordeaux Nouvelle-Aquitaine,private,http://www.pesmd.com
483,Nouvelle-Aquitaine,Vatel - campus de Bordeaux,private,https://www.vatel.fr
484,Nouvelle-Aquitaine,"École nationale supérieure en environnement, géoressources et ingénierie du développement durable",public,https://ensegid.bordeaux-inp.fr
485,Nouvelle-Aquitaine,ESG Bordeaux,private,https://www.esg.fr
486,Nouvelle-Aquitaine,"L'Atelier, école de cinéma d'animation",private,http://ecolelatelier.com
487,Nouvelle-Aquitaine,École de gestion et de commerce - Sud Management Business school,private,https://www.sudmanagementbs.fr
488,Nouvelle-Aquitaine,CESI Ecole d'ingénieurs - campus de Bordeaux,private,http://ecole-ingenieurs.cesi.fr
489,Nouvelle-Aquitaine,Ecole de gestion et de commerce de Brive,private,https://www.correze.cci.fr
490,Nouvelle-Aquitaine,EFREI - campus de Bordeaux,private,https://www.efrei.fr
491,Nouvelle-Aquitaine,Université de Poitiers,public,https://www.univ-poitiers.fr
492,Nouvelle-Aquitaine,École nationale supérieure d'architecture et de paysage de Bordeaux,public,http://www.bordeaux.archi.fr
493,Nouvelle-Aquitaine,Objectif 3D,private,https://www.objectif3d.com
494,Nouvelle-Aquitaine,Sciences Po Bordeaux,public,https://www.sciencespobordeaux.fr
495,Nouvelle-Aquitaine,ENS pour la performance industrielle et la maintenance aéronautique,public,https://enspima.bordeaux-inp.fr
496,Nouvelle-Aquitaine,ECV Creative schools & Community,private,http://www.ecv.fr
497,Nouvelle-Aquitaine,"Ecole nationale supérieure d'électronique, informatique, télécommunications, mathématiques et mécanique de Bordeaux",public,https://www.enseirb-matmeca.bordeaux-inp.fr
498,Nouvelle-Aquitaine,École supérieure de design des Landes,private,http://www.esdl.fr
499,Nouvelle-Aquitaine,École européenne supérieure de l'image Angoulême Poitiers,public,https://www.eesi.eu
500,Occitanie,Institut polytechnique des sciences avancées - campus de Toulouse,private,http://www.ipsa.fr
501,Occitanie,Ecole supérieure des métiers artistiques,private,http://www.esma-artistique.com
502,Occitanie,École nationale supérieure d'architecture de Toulouse,public,http://www.toulouse.archi.fr
503,Occitanie,TBS Education,private,http://www.tbs-education.fr
504,Occitanie,MBway Toulouse,private,https://www.iscom.fr
505,Occitanie,Université de Perpignan Via Domitia,public,https://www.univ-perp.fr
506,Occitanie,Sciences Po Toulouse,public,http://www.sciencespo-toulouse.fr
507,Occitanie,Institut supérieur de l'aéronautique et de l'espace,public,https://www.isae-supaero.fr
508,Occitanie,ESICAD - la compagnie de formation,private,http://www.esicad.com
509,Occitanie,Centre chorégraphique James Carlès,private,https://jamescarles.com
510,Occitanie,Institut catholique de Toulouse,privé,https://www.ict-toulouse.fr
511,Occitanie,ESARC Evolution Montpellier,private,http://www.esarc-evolution.fr
512,Occitanie,Ecole technique privée de photographie et de jeu vidéo,private,http://www.esma-toulouse.com
513,Occitanie,ENSIACET l'école de la transformation de la matière et de l'énergie - Toulouse INP,public,http://www.ensiacet.fr
514,Occitanie,Ecole technique d'art Anaten,private,https://www.anaten.fr
515,Occitanie,Ecole supérieure des beaux-arts de Nîmes,public,http://www.esba-nimes.fr
516,Occitanie,Ecole nationale supérieure des Mines d'Alès - IMT Mines Alès,public,http://www.mines-ales.fr
517,Occitanie,Ecole de gestion et de commerce d'Occitanie - campus de Tarbes,private,http://www.egc-occitanie.fr
518,Occitanie,Ecole supérieure internationale de la mode,private,http://www.esimode.fr
519,Occitanie,Ecole des Beaux-Arts de Carcassonne Agglo,public,http://www.carcassonne-agglo.fr
520,Occitanie,MBS,privé,http://www.montpellier-bs.com
521,Occitanie,Toulouse Business School,privé,https://www.tbs-education.fr
522,Occitanie,Toulouse INP,public,https://www.inp-toulouse.fr
523,Occitanie,Ecole nationale supérieure d'architecture de Montpellier,public,https://www.montpellier.archi.fr
524,Occitanie,École d'ingénieurs de Purpan,privé,http://www.purpan.fr
525,Occitanie,Institut supérieur des arts et du design de Toulouse,public,http://www.isdat.fr
526,Occitanie,Ecole nationale supérieure agronomique de Toulouse - Toulouse INP,public,http://www.ensat.fr
527,Occitanie,Ecole nationale supérieure des mines d'Albi-Carmaux - IMT Mines Albi-Carmaux,public,http://www.imt-mines-albi.fr
528,Occitanie,Institut national universitaire Jean-François Champollion,public,https://www.univ-jfc.fr
529,Occitanie,Université Toulouse III - Paul Sabatier,public,http://www.univ-tlse3.fr
530,Occitanie,Université de Nîmes,public,http://www.unimes.fr
531,Occitanie,Ecole des Beaux-Arts de Sète,public,http://beauxarts.sete.fr
532,Occitanie,"ISPRA Institut- le campus des métiers du cinéma, tv, son, vfx et films d'animation",private,http://www.ispra.fr
533,Occitanie,e-artsup Toulouse,private,https://www.e-artsup.net
534,Occitanie,Ecole européenne de l'art et des matières,private,http://www.artematieres.com
535,Occitanie,École nationale de la météorologie,public,http://www.enm.meteo.fr
536,Occitanie,Institut Agro Montpellier,public,http://www.montpellier-supagro.fr
537,Occitanie,Ecole supérieure des beaux-arts de Montpellier (MO.CO.Esba),public,https://www.moco.art
538,Occitanie,EGC Business School - campus de Nîmes,private,https://www.egc-occitanie.fr
539,Occitanie,Ecole de condé Toulouse,private,https://ecoles-conde.com
540,Occitanie,Institut national des sciences appliquées de Toulouse,public,http://www.insa-toulouse.fr
541,Occitanie,Travelling,private,http://ecole-travelling.com
542,Occitanie,Université Paul-Valéry - Montpellier 3,public,https://www.univ-montp3.fr
543,Occitanie,Objectif 3D,private,http://www.objectif3d.com
544,Occitanie,Université de Montpellier,public,https://www.umontpellier.fr
545,Occitanie,Institut supérieur de gestion,private,http://www.isg.fr
546,Occitanie,Ecole pour l'informatique et les techniques avancées  - site de Toulouse,private,http://www.epita.fr
547,Occitanie,MBway Montpellier,private,http://www.mbway.com
548,Occitanie,Institut de formation aux affaires et à la gestion,private,https://www.ifag.com
549,Occitanie,École supérieure des arts du cirque,public,https://www.esactolido.com
550,Occitanie,ESG Montpellier,private,http://www.esg.fr
551,Occitanie,Studio M,private,https://www.studio-m.fr
552,Occitanie,École nationale supérieure de formation de l’enseignement agricole,public,http://www.ensfea.fr
553,Occitanie,"ENS d'électrotechnique, électronique, informatique, hydraulique, télécommunications - Toulouse INP",public,http://www.enseeiht.fr
554,Occitanie,Atelier Prép'art Toulouse,private,http://www.prepart.fr
555,Occitanie,École nationale de l'aviation civile,public,https://www.enac.fr
556,Occitanie,École nationale vétérinaire de Toulouse,public,http://www.envt.fr
557,Occitanie,Université Toulouse - Jean Jaurès,public,https://www.univ-tlse2.fr
558,Outre-mer,Université de Mayotte,public,http://www.univ-mayotte.fr
559,Outre-mer,Université de La Réunion,public,http://www.univ-reunion.fr
560,Outre-mer,Ecole de gestion et de commerce de Guyane,private,https://www.egc-guyane.fr
561,Outre-mer,Campus caraïbéen des arts,public,https://cca-martinique.com
562,Outre-mer,Institut de l'Image de l'Océan Indien,private,http://www.iloi.fr
563,Outre-mer,Ecole de gestion et de commerce du Pacifique Sud,private,http://egc.cci.nc
564,Outre-mer,Université de la Polynésie Française,public,http://www.upf.pf
565,Outre-mer,Université de la Nouvelle-Calédonie,public,https://unc.nc
566,Outre-mer,Ecole de gestion et de commerce de Martinique,private,http://www.egc-martinique.com
567,Outre-mer,École de gestion et de commerce de La Réunion,private,http://www.egc-reunion.re
568,Outre-mer,Ecole supérieure de commerce et de gestion de Mayotte,private,http://www.escgm.com
569,Outre-mer,École Supérieure d'Art,public,http://www.esareunion.com
570,Outre-mer,École nationale supérieure d'architecture,public,http://www.lareunion-archi.fr
571,Outre-mer,Centre des métiers d'art,private,http://cmapap.wixsite.com
572,Outre-mer,Université de Guyane,public,http://www.univ-guyane.fr
573,Outre-mer,Université des Antilles,public,http://www.univ-antilles.fr
574,Pays de la Loire,École supérieure des sciences commerciales d'Angers,privé,https://www.essca.fr
575,Pays de la Loire,Ecole de gestion et de commerce Le Mans,private,http://www.egc-lemans.com
576,Pays de la Loire,IPAC Bachelor Factory,private,http://www.ipacbachelorfactory.com
577,Pays de la Loire,"École nationale vétérinaire, agroalimentaire et de l'alimentation, Nantes-Atlantique",public,https://www.oniris-nantes.fr
578,Pays de la Loire,Nantes Université,public,https://www.univ-nantes.fr
580,Pays de la Loire,Facultés libres de l'Ouest,privé,https://www.uco.fr
581,Pays de la Loire,École supérieure d’agriculture,privé,https://www.groupe-esa.com
582,Pays de la Loire,Centre national de danse contemporaine,private,http://www.cndc.fr
583,Pays de la Loire,Université d'Angers,public,https://www.univ-angers.fr
584,Pays de la Loire,IDRAC Business School,private,http://idrac-bs.fr
585,Pays de la Loire,École d'ingénieur d'agro-développement international,privé,http://www.istom.fr
586,Pays de la Loire,Ecole d'arts du choletais,public,http://www.cholet.fr
587,Pays de la Loire,Ecole Pivaut supérieure technique privée d'arts appliqués,private,http://www.ecole-pivaut.fr
588,Pays de la Loire,ISMANS,privé,https://ismans.cesi.fr
589,Pays de la Loire,Atelier Guist'hau Rollin - L'école de l'image,private,https://agr.fr
590,Pays de la Loire,Ecole européenne de graphisme publicitaire,private,http://www.eegp.fr
591,Pays de la Loire,Institut des relations publiques et de la communication d’Angers,privé,http://www.ircom.fr
592,Pays de la Loire,e-artsup Nantes,private,http://www.e-artsup.net
593,Pays de la Loire,Ecoles créatives Nantes,private,http://www.cinecreatis.net
594,Pays de la Loire,École supérieure du bois,privé,https://www.ecoledubois.fr
595,Pays de la Loire,École supérieure angevine en informatique et productique,privé,https://www.esaip.org
596,Pays de la Loire,Ecole supérieure des beaux-arts,public,https://esad-talm.fr
597,Pays de la Loire,Ecole nantaise supérieure d'enseignement commercial,private,http://www.ensec.fr
598,Pays de la Loire,Institut supérieur de l'électronique et du numérique - campus de Nantes,private,https://isen-nantes.fr
599,Pays de la Loire,L'atelier d'arts appliqués,private,https://laaa.fr
600,Pays de la Loire,Ecole des beaux-arts Nantes Saint-Nazaire - site de Saint-Nazaire,public,https://beauxartsnantes.fr
601,Pays de la Loire,"École nationale vétérinaire, agroalimentaire et de l'alimentation de Nantes-Atlantique",public,http://www.oniris-nantes.fr
602,Pays de la Loire,L'École de design Nantes Atlantique,private,http://www.lecolededesign.com
603,Pays de la Loire,Académie supérieure de théâtre d'anjou,private,https://www.asta-angers.fr
604,Pays de la Loire,École supérieure d'électronique de l'Ouest,privé,http://www.eseo.fr
605,Pays de la Loire,Le Pont Supérieur - Pôle d'enseignement supérieur spectacle vivant Bretagne-Pays de la Loire - Site de Nantes,public,http://www.lepontsuperieur.eu
606,Pays de la Loire,Institut Agro Rennes Angers - campus d'Angers,public,https://www.agrocampus-ouest.fr
607,Pays de la Loire,Le Mans Université,public,http://www.univ-lemans.fr
608,Pays de la Loire,Institut catholique de Vendée,privé,https://ices.fr
609,Pays de la Loire,Audencia Business School,privé,https://www.audencia.com
610,Pays de la Loire,Institut supérieur du commerce automobile du Mans ISCAM,private,http://www.escra.fr
611,Provence-Alpes-Côte d'Azur,École Supérieure d'Art et de Design Toulon Provence Méditerranée,public,http://www.esadtpm.fr
612,Provence-Alpes-Côte d'Azur,Sciences Po Aix,public,http://www.sciencespo-aix.fr
613,Provence-Alpes-Côte d'Azur,Ecole de Condé Nice,private,https://www.ecoles-conde.com
614,Provence-Alpes-Côte d'Azur,Kedge Business School,private,https://www.kedge.edu
615,Provence-Alpes-Côte d'Azur,Université Côte d'Azur,public,https://univ-cotedazur.fr
616,Provence-Alpes-Côte d'Azur,Centrale Méditerranée,public,https://www.centrale-mediterranee.fr
617,Provence-Alpes-Côte d'Azur,École pratique,private,http://www.ecolepratique.com
618,Provence-Alpes-Côte d'Azur,Ecole supérieure d'art d'Aix-en-Provence Felix Ciccolini,public,http://www.esaaix.fr
619,Provence-Alpes-Côte d'Azur,Centre aixois de formation à l'enseignement de la danse,private,http://cafedanse.fr
620,Provence-Alpes-Côte d'Azur,École polytechnique universitaire de l'université d'Aix-Marseille - site de Saint-Jérôme,public,https://polytech.univ-amu.fr
621,Provence-Alpes-Côte d'Azur,Itecom Art Design,private,https://www.itecom-artdesign.com
622,Provence-Alpes-Côte d'Azur,Besign - The Sustainable Design School,private,https://besignschool.com
623,Provence-Alpes-Côte d'Azur,Aix-Marseille Université,public,https://www.univ-amu.fr
624,Provence-Alpes-Côte d'Azur,"Ecole supérieure de design, d'arts appliqués et de communication (annexe Marseille)",private,https://ecole-esdac.com
625,Provence-Alpes-Côte d'Azur,Camondo Méditerranée,private,https://www.ecolecamondo.fr
626,Provence-Alpes-Côte d'Azur,Institut national des sciences et techniques nucléaires,public,https://instn.cea.fr
627,Provence-Alpes-Côte d'Azur,Ecole Brassart - MOPA,private,http://www.ecole-mopa.fr
628,Provence-Alpes-Côte d'Azur,EDHEC Business School,private,https://www.edhec.com
629,Provence-Alpes-Côte d'Azur,Ecole régionale d'acteurs de Cannes et Marseille,public,http://eracm.fr
630,Provence-Alpes-Côte d'Azur,Ecole nationale supérieure d'art Villa Arson,public,https://www.villa-arson.org
631,Provence-Alpes-Côte d'Azur,Ecole supérieure d'arts plastiques de la ville de Monaco Pavillon Bosio,public,http://www.pavillonbosio.com
632,Provence-Alpes-Côte d'Azur,My FS - My Fashion School,private,http://www.my-bs.fr
633,Provence-Alpes-Côte d'Azur,MJM Graphic Design,private,http://www.mjm-design.com
634,Provence-Alpes-Côte d'Azur,École nationale supérieure de la photographie,public,http://www.ensp-arles.fr
635,Provence-Alpes-Côte d'Azur,Les Ateliers de l'Image et du Son - AIS formation,private,http://www.ais-formation.com
636,Provence-Alpes-Côte d'Azur,Studios du cours,private,http://www.lesstudiosducours.com
637,Provence-Alpes-Côte d'Azur,Institut d'enseignement supérieur de la musique - Europe et Méditerranée - IESM,public,http://www.iesm.fr
638,Provence-Alpes-Côte d'Azur,Centre de formation professionnelle et d'études supérieures en danse,private,https://offjazz.com
639,Provence-Alpes-Côte d'Azur,Institut supérieur du bâtiment et des travaux publics,privé,https://www.isba.fr
640,Provence-Alpes-Côte d'Azur,Institut supérieur des techniques du son,private,http://www.esra.edu
641,Provence-Alpes-Côte d'Azur,SKEMA Business School,private,https://www.skema-bs.fr
642,Provence-Alpes-Côte d'Azur,Les Beaux-Arts de Marseille - INSEAMM,public,http://www.esadmm.fr
643,Provence-Alpes-Côte d'Azur,Ecole supérieure d'Art d'Avignon,public,http://esaavignon.eu
644,Provence-Alpes-Côte d'Azur,Université de Toulon,public,http://www.univ-tln.fr
645,Provence-Alpes-Côte d'Azur,Ecole de l'air et de l'espace,public,https://www.ecole-air-espace.fr
646,Provence-Alpes-Côte d'Azur,École supérieure angevine d'informatique et de productique - site d'Aix-en-Provence,private,http://www.esaip.org
647,Provence-Alpes-Côte d'Azur,Ecole municipale d'arts plastiques Villa Thiole,public,http://www.nice.fr
648,Provence-Alpes-Côte d'Azur,Ecole nationale de danse de Marseille,public,https://www.endm.fr
649,Provence-Alpes-Côte d'Azur,Ecole supérieure de danse Serge Alzetta,private,http://www.jazzacademy.fr
650,Provence-Alpes-Côte d'Azur,Kedge Business School,private,https://www.kedge-avignon.com
651,Provence-Alpes-Côte d'Azur,ISEN Yncréa Méditerranée,privé,http://www.yncrea-mediterranee.fr
652,Provence-Alpes-Côte d'Azur,Avignon Université,public,https://univ-avignon.fr
653,Provence-Alpes-Côte d'Azur,ESSCA école de management,private,http://www.essca.fr
654,Provence-Alpes-Côte d'Azur,Ecole de Condé Marseille,private,http://ecoles-conde.com
655,Provence-Alpes-Côte d'Azur,ESID - Nice,private,https://esid.education
656,Provence-Alpes-Côte d'Azur,EURECOM,private,http://www.eurecom.fr
657,Provence-Alpes-Côte d'Azur,École nationale supérieure maritime - site de Marseille,public,http://www.supmaritime.fr
658,Provence-Alpes-Côte d'Azur,EMD Business School,private,http://www.emd.fr
659,Provence-Alpes-Côte d'Azur,Ecole d'arts intercommunale de Digne-Les-Bains IDBL,public,http://www.idbl.fr
660,Provence-Alpes-Côte d'Azur,Pôle National Supérieur de Danse Rosella Hightower,private,http://www.pnsd.fr
661,Provence-Alpes-Côte d'Azur,Ecole nationale supérieure d'architecture de Marseille,public,http://www.marseille.archi.fr
